{"count":1,"self":191.18991359999998,"total":390.8953949,"children":{"InitializeActuators":{"count":10,"self":0.0020307999999999997,"total":0.0020307999999999997,"children":null},"InitializeSensors":{"count":10,"self":0.0050171999999999994,"total":0.0050171999999999994,"children":null},"AgentInfo.ToProto":{"count":70,"self":0.0010443,"total":0.013083099999999999,"children":{"GenerateSensorData":{"count":70,"self":0.011005299999999999,"total":0.012038799999999999,"children":{"RayPerceptionSensor.Perceive":{"count":70,"self":0.0010335,"total":0.0010335,"children":null}}}}},"AgentSendState":{"count":8371,"self":24.7501376,"total":30.3220496,"children":{"CollectObservations":{"count":79642,"self":0.45046319999999995,"total":0.45046319999999995,"children":null},"WriteActionMask":{"count":79642,"self":1.7810464,"total":1.7810462999999999,"children":null},"RequestDecision":{"count":79642,"self":0.8599034,"total":3.3404032999999997,"children":{"AgentInfo.ToProto":{"count":79642,"self":0.6335581,"total":2.4804999,"children":{"GenerateSensorData":{"count":79642,"self":1.5041565,"total":1.8469418,"children":{"RayPerceptionSensor.Perceive":{"count":79642,"self":0.34278529999999996,"total":0.34278529999999996,"children":null}}}}}}}}},"DecideAction":{"count":8371,"self":167.8987904,"total":167.89878629999998,"children":null},"AgentAct":{"count":8371,"self":1.4625187,"total":1.4635198,"children":{"AgentInfo.ToProto":{"count":20,"self":0,"total":0.0010011,"children":{"GenerateSensorData":{"count":20,"self":0.0010011,"total":0.0010011,"children":{"RayPerceptionSensor.Perceive":{"count":20,"self":0,"total":0,"children":null}}}}}}}},"gauges":{"MazeAgentBehavior.CumulativeReward":{"count":90,"max":106.543312,"min":-185.750687,"runningAverage":-65.39126,"value":-56.1577225,"weightedAverage":-29.6818867}},"metadata":{"timer_format_version":"0.1.0","start_time_seconds":"1746284573","unity_version":"6000.0.45f1","command_line_arguments":"E:\\Pro\\Unity\\6000.0.45f1\\Editor\\Unity.exe -projectpath C:\\Users\\Liea\\source\\repos\\MazeAI -useHub -hubIPC -cloudEnvironment production","communication_protocol_version":"1.5.0","com.unity.ml-agents_version":"3.0.0","scene_name":"Maze","end_time_seconds":"1746284964"}}